Source,Sequence,Rfam structure,Rfam structure + RNAfold,Rfam structure + EternaFold
AEGO01000002.1/1921072-1920866,GUAAAUAAAGAUCUACGAAAUCAUCGGUCUAUUAGGCGAUCAAUCCCCAAUUCAAUCAAAAUAUUGUUUUCUCUCUCUCUCCAUAAACAAAUAGUAUUUUUGAUAUGACAGCCUAAUAGAUGAUAUGAUUAUUUCAGUUGUCUUUGUUUGGAUAUCACAUUAACUGAUUGUAAAAUCAGUGUCAAAGCCCGGCUUGCCGGGUUUUUU,.(((((((((((..(.(.((((((..(((((((((((..(((............(((((((((((((((...................)))))))).))))))).)))..)))))))))))...)))))).).).....)))))))))))............(((((((....)))))))...(((((((((....)))))))))..,.(((((((((((((....((((((..(((((((((((..(((............(((((((((((((((...................)))))))).))))))).)))..)))))))))))...)))))).....))..)))))))))))............(((((((....)))))))...(((((((((....)))))))))..,.((((((((((((((.(.((((((..(((((((((((..(((............(((((((((((((((...................)))))))).))))))).)))..)))))))))))...)))))).).).))..)))))))))))............(((((((....)))))))...(((((((((....)))))))))..
AEGO01000002.1/1921072-1920866,AAAAAACCCGGCAAGCCGGGCUUUGA,..(((.(((((....))))).)))..,..(((.(((((....))))).)))..,..(((.(((((....))))).)))..
AEGO01000002.1/1921072-1920866,AAAAAUACUAUUUGUUUAUGGAGAGAGAGAGAAAACAAUAUUUUGAUUGAAUUGGGGAUUGAUCGCCUAAUAGACCGAUGAUUUCGUAGAUCUUU,.((((((.(.((.....................)).).)))))).........((.(((()))).))....(((.(.(((....))).).)))..,.....................................................((.((....)).))....(((.(.(((....))).).)))..,(((((((.(.(((.(((.(.........))))))).).))))))((((((())((.(((()))).))))))(((.(.(((....))).).)))))
AEGO01000002.1/1921072-1920866,ACUGAUUUUACAAUCAGU,(((((((....))))))),(((((((....))))))),(((((((....)))))))
AEGO01000002.1/1921072-1920866,AUAAUCAUAU,(((....))),..........,(((....)))
CABY01000008.1/11102-10896,AUGAAUAAAGAUUUACGAAAUCAUUAGGUAAUGGAGUGGUCCAUCCCCAAUUCAAUCAAAAUAUUGUUUUCUCUCUCUCCAUAAACAAAUAGUAUUUUUGAUAUGACUGCUUGUUAUUAAAAUGAUUGUUUCAGUUGUCUUUGUUUGGAUAUCAUAUUUGCUGAUGCUCAAGUCAGCGGAGAUAAAGCUCGGUUUACCGGGCUUUAU,.(((((((((((..(.(.((((((..((((((.((((((((.............(((((((((((((((.................)))))))).)))))))..))))))))))))))...)))))).).).....)))))))))))............((((((......))))))......(((((((((....)))))))))..,..((((((((((......(((((((.(((((..((((((((.((..........(((((((((((((((.................)))))))).))))))))))))))))).)))))..))))))).........))))))))))..........(((((((((......))))))))).(((((((((((....))))))))))),.(((((((((((..(.(.(((((((.((((((.((((((((........((...(((((((((((((((.................)))))))).)))))))))))))))))))))))..))))))).).).....))))))))))).........(((((((((......))))))))).(((((((((((....)))))))))))
CABY01000008.1/11102-10896,AUAAAGCCCGGUAAACCGAGCUUUAU,..(((((.(((....))).)))))..,(((((((.(((....))).))))))),(((((((.(((....))).)))))))
AEUX02000007.1/249448-249656,GUAAAUAAAGAUCUACGAAAUCAUCAGUUUAUUAAGUGAUCAAUCCCCAAUUCAAUCAAAAUAUUGUUUUCUCUCUCUCUCCAUAAACAAAUAGUAUUUUUGAUAUGAUUGCUUUCUAUCCCCAAUGAUAAUUUCAGUUGUCUUUGUUUGGAUAUUACUUCACUGGUUAUUCAAUCAGUAAUCAUAAAACUCAGGAAACUGAGUUUUAU,.(((((((((((..(.(..(((((..(..((..(((((((((............(((((((((((((((...................)))))))).))))))).)))))))))..))..)...)))))..).).....)))))))))))...........(((((((....)))))))......(((((((((....)))))))))..,.(((((((((((((.....(((((.....((..(((((((((............(((((((((((((((...................)))))))).))))))).)))))))))..))......)))))......))..)))))))))))...........(((((((....)))))))....(((((((((((....))))))))))),.((((((((((((((.(..(((((..(..((..(((((((((............(((((((((((((((...................)))))))).))))))).)))))))))..))..)...)))))..).).))..)))))))))))...........(((((((....)))))))....(((((((((((....)))))))))))
AEUX02000007.1/249448-249656,AUAAAACUCAGUUUCCUGAGUUUUAU,..(((((((((....)))))))))..,(((((((((((....))))))))))),(((((((((((....)))))))))))
CP002471.1/1942763-1942559,GUAAAUAAAGACUUAACGUCACUAGUUUAUAAGAGUCAAUCCCCAAUUCAAUCAAAAUAUUGUUUUCUCUCUCUCUCCAUAAACAAAUAGUAUUUUUGAUCUGACUCUUCUGAAACUAAUGAUUAAUUCAGUUGUCUUUGUUUGGAUAACAUAUUGACUGAUUUUUACAUCAGUAAAAAAACUCGGAAUCCCAUCCGAGUUUUUU,.(((((((((((..((.((((...(((((.((((((((............(((((((((((((((...................)))))))).))))))).)))))))).).))))...))))...)).....)))))))))))............((((((......))))))...(((((((((........)))))))))..,.(((((((((((.....((((.((((((..((((((((............(((((((((((((((...................)))))))).))))))).))))))))...)))))).))))..........)))))))))))............((((((......)))))).((((((((((((......)))))))))))),.((((((((((((.((.((((.(((((((.((((((((............(((((((((((((((...................)))))))).))))))).)))))))).).)))))).))))...)).)...)))))))))))............((((((......)))))).((((((((((((......))))))))))))
CP002471.1/1942763-1942559,AAAAAACUCGGAUGGGAUUCCGAGUUUUUU,..(((((((((........)))))))))..,((((((((((((......)))))))))))),((((((((((((......))))))))))))
AM946015.1/1648882-1648675,AUAGAUAAAGACGUCAUUUUGUUUCUAUCUUAAGAAGUUAAUCCCCAAUUCAAUCAAAAUAUUGUUUUCUCUCUCUCUCUCCAUAAAACAAAUAGUAUUUUUGAUCUAACUUCUCAAGCAGAAUAGAACAAAACUUAAUUGUCUUUGUUUGGAUAUGAUAACAACUGAUUGUAUCAGUUGAAAAAACUCGGAGCAUUCCGAGUUUUUU,.(((((((((((....((((((.((..((((.((((((((............(((((((((((((((......................)))))))).))))))).)))))))).)))...)...)))))))).......)))))))))))............((((((...))))))....(((((((((......)))))))))..,.((((((((((((...((((((.((((.(((.((((((((............(((((((((((((((......................)))))))).))))))).)))))))).))).....))))))))))......))))))))))))..........((((((((...))))))))((((((((((((....)))))))))))),.(((((((((((((..((((((.((((((((.((((((((............(((((((((((((((......................)))))))).))))))).)))))))).)))...).))))))))))....).))))))))))))..........((((((((...))))))))((((((((((((....))))))))))))
AM946015.1/1648882-1648675,AAAAAACUCGGAAUGCUCCGAGUUUUUU,..(((((((((......)))))))))..,((((((((((((....)))))))))))),((((((((((((....))))))))))))
AEUY02000005.1/851752-851939,AUAGAUAAAGACUGAGGUCGUUUUAAAUCAGAAAGUUAUUCCCCAAUUCAAUCAAAAUAUUGUUUUCUCUCUCCAUAAAAACAAAUAGUAUUUUUGAUUUAGCUUUACUGAUGGUUACGAUUAGAAUUUGUCUUUGUUUGGAUAUGAAACUGAUUUUAUCAGUGAAGCCUAGAUUAUUCUAGGCUUUU,.(((((((((((...((((((..(..((((((((((((............(((((((((((((((.................)))))))).))))))).))))))).))))).)..)))))).......)))))))))))........((((((...)))))).(((((((((....)))))))))..,.(((((((((((.((((((((.....((((((((((((...........((((((((((((((((.................)))))))).))))))))))))))).)))))....))))))....)).)))))))))))........((((((...))))))((((((((((....)))))))))).,.(((((((((((.((((((((..(..((((((((((((...........((((((((((((((((.................)))))))).))))))))))))))).))))).)..))))))....)).)))))))))))........((((((...))))))((((((((((....)))))))))).
AEUY02000005.1/851752-851939,AAAAGCCUAGAAUAAUCUAGGCUUCA,..(((((((((....)))))))))..,..(((((((((....)))))))))..,..(((((((((....)))))))))..
AEUU02000001.1/1187331-1187140,AUAGAUAAAGACUGAAGUCGUCUCAAAUCAUGAAGUUAUUCCCCAAUUCAAUCAAAAUAUUGUUUUCUCUCUCUCUCCAUAAAAACAAAUAGUAUUUUUGAUUUAGCUUUACUGAUGGUUACGACUAGAAUUUGUCUUUGUUUGGAUAUGAAACUGAUUUUAUCAGUGAAGCCUAGAGUAUUCUAGGCUUUU,.(((((((((((...((((((..((..(..((((((((............(((((((((((((((.....................)))))))).))))))).))))))))..).))...)))))).......)))))))))))........((((((...)))))).(((((((((....)))))))))..,.(((((((((((.((((((((.(((.....((((((((...........((((((((((((((((.....................)))))))).))))))))))))))))....)))..))))))....)).)))))))))))........((((((...))))))((((((((((....)))))))))).,.(((((((((((.((((((((.(((..(..((((((((...........((((((((((((((((.....................)))))))).))))))))))))))))..).)))..))))))....)).)))))))))))........((((((...))))))((((((((((....)))))))))).
AEUU02000001.1/1187331-1187140,AAAAGCCUAGAAUACUCUAGGCUUCA,..(((((((((....)))))))))..,..(((((((((....)))))))))..,..(((((((((....)))))))))..
BA000034.2/199338-199542,GUAAAUAAAGAUUUACGAAGUCAUGAGUUUAUCGAGCAAUCAAUCCCCAAUUCAAUCAAAAUAUUGUUUUCUCUCUCUCCAUAAACAAAUAGUAUUUUUGAUAUGAUGGCUCGGCAGACAAAAUGACGAUGUCAGUUGUCUUUGUUUGGAUAUCACAUUAGCUGAUUGUAAAAUCAGUAUUAAAGCCCGGCUUGCCGGGUUUUUU,.(((((((((((..(((..(((((..((((.((((((.((((............(((((((((((((((.................)))))))).))))))).)))).)))))).))))...)))))..))).....)))))))))))............(((((((....)))))))...(((((((((....)))))))))..,.(((((((((((..(((..(((((..((((.((((((.((((............(((((((((((((((.................)))))))).))))))).)))).)))))).))))...)))))..))).....)))))))))))............(((((((....)))))))...(((((((((....)))))))))..,.(((((((((((..(((..(((((..((((.((((((.((((............(((((((((((((((.................)))))))).))))))).)))).)))))).))))...)))))..))).....)))))))))))............(((((((....)))))))...(((((((((....)))))))))..
BA000034.2/199338-199542,AAAAAACCCGGCAAGCCGGGCUUUAA,..(((.(((((....))))).)))..,......(((((....)))))......,..(((.(((((....))))).)))..
BA000034.2/199338-199542,CCAAACAAAGACAACUGACAUCGUCAUUUUGUCUGCCGAGCCAUCAUAUCAAAAAUACUAUUUGUUUAUGGAGAGAGAGAAAACAAUAUUUUGAUUGAAUUGGGG,.................................(.((((..(.....(((((((.((.(.(((.................))).).))))))))).)..)))).),.........(((((.((((...))))..)))))..((((..((....(((((((..........(((........)))..........)))))))))..))))..,.........(((((.((((...))))..)))))(.((((..((....(((((((.((.(.(((.(((.........))).))).).)))))))))))..)))).)
BA000034.2/199338-199542,CUGAUUUUACAAUCAG,((((((....)))))),((((((....)))))),((((((....))))))
